username,fullname,email,password
Evangelia,Eartha Reaper,ereaper0@bizjournals.com,Eartha
Evie,Aurore Egglestone,aegglestone1@feedburner.com,Aurore
Noah,Gage Milberry,gmilberry2@constantcontact.com,Gage
Shanon,Marlane Romand,mromand3@xrea.com,Marlane
Kevina,Ludwig Ivanyukov,livanyukov4@marketwatch.com,Ludwig
Maynord,Jerry Risbie,jrisbie5@usa.gov,Jerry
Julius,Dinny Brolechan,dbrolechan6@unc.edu,Dinny
Freddy,Brandie Gurnay,bgurnay7@xing.com,Brandie
Albrecht,Elbertine Langham,elangham8@mediafire.com,Elbertine
Gordan,Nadiya Potte,npotte9@ed.gov,Nadiya
Toby,Gabey Charge,gchargea@techcrunch.com,Gabey
Carlotta,Base Natte,bnatteb@sciencedirect.com,Base
Noreen,Nanette Rudiger,nrudigerc@shutterfly.com,Nanette
Bobina,Ivy Faustin,ifaustind@cbsnews.com,Ivy
Aleta,Genni Eslinger,geslingere@symantec.com,Genni
Livvy,Demetris Upstell,dupstellf@cdbaby.com,Demetris
Ortensia,North Cristofori,ncristoforig@mozilla.org,North
Lind,Junia Roggeman,jroggemanh@paginegialle.it,Junia
Prissie,Artemas Lanfare,alanfarei@admin.ch,Artemas
Gusty,Maryjo Cawley,mcawleyj@usda.gov,Maryjo
Godfry,Elie Wethered,ewetheredk@earthlink.net,Elie
Evaleen,Eba Biskupiak,ebiskupiakl@moonfruit.com,Eba
Galina,Paige Lewing,plewingm@facebook.com,Paige
Gabriele,Bess Concannon,bconcannonn@liveinternet.ru,Bess
Odille,Cortney Pavese,cpaveseo@naver.com,Cortney
Augustus,Martita Poor,mpoorp@cam.ac.uk,Martita
Gretal,Wyatt Sara,wsaraq@sun.com,Wyatt
Giacopo,Griffy Harrigan,gharriganr@mozilla.org,Griffy
Mora,Lea Basillon,lbasillons@state.tx.us,Lea
Zed,Brock McFadyen,bmcfadyent@deliciousdays.com,Brock
Erik,Marietta Rotherforth,mrotherforthu@weebly.com,Marietta
Matelda,Selie Buscher,sbuscherv@vkontakte.ru,Selie
Aharon,Moises Waddicor,mwaddicorw@amazon.co.jp,Moises
Fanechka,Ardeen Strelitzer,astrelitzerx@wiley.com,Ardeen
Carney,Karoly Chasier,kchasiery@altervista.org,Karoly
Diannne,Kenna Mudge,kmudgez@businesswire.com,Kenna
Krysta,Lothario Howsley,lhowsley10@smh.com.au,Lothario
Alejandra,Valentine John,vjohn11@unesco.org,Valentine
Nicholas,Desdemona Stickins,dstickins12@walmart.com,Desdemona
Coralie,Jobye Bernardotti,jbernardotti13@mac.com,Jobye
Armin,Devy Bockett,dbockett14@businessweek.com,Devy
Anestassia,Cornie Aucoate,caucoate15@businesswire.com,Cornie
Ashley,Kareem Dahler,kdahler16@reuters.com,Kareem
Brenna,Jeffie Lupson,jlupson17@1688.com,Jeffie
Gib,Avril Lindeman,alindeman18@ovh.net,Avril
Lemuel,Florian Tims,ftims19@miibeian.gov.cn,Florian
Dorrie,Benjamin Facher,bfacher1a@jiathis.com,Benjamin
Edd,Kimberly Kerins,kkerins1b@artisteer.com,Kimberly
Kaye,Libbi Wozencraft,lwozencraft1c@sbwire.com,Libbi
Chandler,Vaughn Crambie,vcrambie1d@miitbeian.gov.cn,Vaughn
Diego,Damara O'Keenan,dokeenan1e@tripadvisor.com,Damara
Adriane,Ermina Borless,eborless1f@jimdo.com,Ermina
Alina,Guilbert Mulcock,gmulcock1g@noaa.gov,Guilbert
Carol,Burl Bricklebank,bbricklebank1h@sogou.com,Burl
Constance,Winnie Cosley,wcosley1i@foxnews.com,Winnie
Clareta,Katrina Seppey,kseppey1j@wp.com,Katrina
Catlaina,Veda Weine,vweine1k@yellowbook.com,Veda
Milly,Tommie Butter,tbutter1l@go.com,Tommie
Jase,Zena Figge,zfigge1m@mediafire.com,Zena
Nil,Dulcea Gallaway,dgallaway1n@wikia.com,Dulcea
Gilda,Nollie Troutbeck,ntroutbeck1o@independent.co.uk,Nollie
Vernon,Sarine Papps,spapps1p@chronoengine.com,Sarine
Kelli,Nealson Culpin,nculpin1q@ucoz.com,Nealson
Joice,Shandy Lydon,slydon1r@dmoz.org,Shandy
Rosemonde,Augustine Andretti,aandretti1s@wikimedia.org,Augustine
Willa,Ronica Smurfitt,rsmurfitt1t@huffingtonpost.com,Ronica
Nalani,Dareen Ownsworth,downsworth1u@taobao.com,Dareen
Luciano,Celisse Stepto,cstepto1v@globo.com,Celisse
Correy,Elinore Acarson,eacarson1w@apple.com,Elinore
Celinda,Vanya Giuroni,vgiuroni1x@redcross.org,Vanya
Darb,Ursola Wason,uwason1y@fotki.com,Ursola
Thea,Cesar Fortman,cfortman1z@nifty.com,Cesar
Raine,Rik Hartley,rhartley20@vimeo.com,Rik
Kurt,Grannie Milroy,gmilroy21@prnewswire.com,Grannie
Karmen,Giorgio Bickerdike,gbickerdike22@lulu.com,Giorgio
Michel,Bondon Janeczek,bjaneczek23@yahoo.com,Bondon
Celeste,Pia Dobel,pdobel24@pbs.org,Pia
Bat,Orton Lathey,olathey25@google.es,Orton
Ariadne,Kimberly Revell,krevell26@chicagotribune.com,Kimberly
Spencer,Sibley Gynne,sgynne27@addthis.com,Sibley
Alastair,Malorie Rivaland,mrivaland28@wufoo.com,Malorie
Rorie,Dario Baynton,dbaynton29@theatlantic.com,Dario
Dominique,Shamus Gowland,sgowland2a@tripod.com,Shamus
Gertrudis,Adham Ralestone,aralestone2b@lycos.com,Adham
Muffin,Linnie Musgrove,lmusgrove2c@marketwatch.com,Linnie
Fred,Thebault Kubik,tkubik2d@live.com,Thebault
Henderson,Norean Gabbat,ngabbat2e@telegraph.co.uk,Norean
Bobbye,Ulick Quig,uquig2f@artisteer.com,Ulick
Arel,Emera Epdell,eepdell2g@java.com,Emera
Hadlee,Jesselyn MacMaster,jmacmaster2h@topsy.com,Jesselyn
Marlyn,Myer Yurocjhin,myurocjhin2i@nhs.uk,Myer
Nickolas,Michel Lage,mlage2j@diigo.com,Michel
Marlene,De Ziems,dziems2k@prweb.com,De
Jabez,Shelagh Issit,sissit2l@multiply.com,Shelagh
Yul,Janelle MacDowall,jmacdowall2m@vinaora.com,Janelle
Nickey,Cherida Rosenblatt,crosenblatt2n@cocolog-nifty.com,Cherida
Thorny,Brinn Fernandez,bfernandez2o@bandcamp.com,Brinn
Kimberley,Cullie Fermin,cfermin2p@blinklist.com,Cullie
Melisande,Dasha Chrispin,dchrispin2q@ow.ly,Dasha
Noell,Adrea Locarno,alocarno2r@google.pl,Adrea
Mikel,Sampson Burman,sburman2s@unc.edu,Sampson
Van,Pasquale Gerardi,pgerardi2t@springer.com,Pasquale
Herbert,Arlie de Aguirre,ade2u@cocolog-nifty.com,Arlie
Mariejeanne,Susann McCaskell,smccaskell2v@infoseek.co.jp,Susann
Kalinda,Ricardo Bloxland,rbloxland2w@indiatimes.com,Ricardo
Koo,Kristel Weed,kweed2x@japanpost.jp,Kristel
Dede,Hoyt Tidcombe,htidcombe2y@house.gov,Hoyt
Karna,Eddi Winsborrow,ewinsborrow2z@google.es,Eddi
Heinrick,Reube Dibb,rdibb30@google.ru,Reube
Daphna,Barbara Reeds,breeds31@blogtalkradio.com,Barbara
Troy,Eimile Sloley,esloley32@rambler.ru,Eimile
Boyce,Elvina Culverhouse,eculverhouse33@tumblr.com,Elvina
Kora,Odelia Schwandermann,oschwandermann34@bbb.org,Odelia
Richart,Abey Meacher,ameacher35@scientificamerican.com,Abey
Bobinette,Elsey Hammer,ehammer36@so-net.ne.jp,Elsey
Bordie,Daisey Arger,darger37@java.com,Daisey
Hiram,Kennan Allderidge,kallderidge38@ihg.com,Kennan
Beverly,Gawain Lambert-Ciorwyn,glambertciorwyn39@washington.edu,Gawain
Reese,Adorne Rojel,arojel3a@imdb.com,Adorne
Manda,Sigrid Mabbot,smabbot3b@hud.gov,Sigrid
Loni,Dalt Kill,dkill3c@bizjournals.com,Dalt
Saunderson,Bale Cambridge,bcambridge3d@auda.org.au,Bale
Kit,Hertha Gilffillan,hgilffillan3e@github.com,Hertha
Fielding,Stormie Cripin,scripin3f@dell.com,Stormie
Gottfried,Odilia Jest,ojest3g@bandcamp.com,Odilia
Megan,Umeko Pinchbeck,upinchbeck3h@vk.com,Umeko
Maureene,Templeton Barber,tbarber3i@timesonline.co.uk,Templeton
Ivy,Annette Biasio,abiasio3j@mlb.com,Annette
Gladi,Cariotta Scrymgeour,cscrymgeour3k@symantec.com,Cariotta
Leticia,Nettie Weathey,nweathey3l@wikispaces.com,Nettie
Rebecca,Belvia Szubert,bszubert3m@ycombinator.com,Belvia
Brear,Mariel Burdell,mburdell3n@who.int,Mariel
Elga,Portia McGruar,pmcgruar3o@foxnews.com,Portia
Myer,Wilbur Elsay,welsay3p@goodreads.com,Wilbur
Jay,Ivie Evemy,ievemy3q@nydailynews.com,Ivie
Jenifer,Tommi Batho,tbatho3r@forbes.com,Tommi
Yorgos,Yolanthe Ezele,yezele3s@pcworld.com,Yolanthe
Gabie,Bettye Harm,bharm3t@storify.com,Bettye
Forest,Bealle Truelove,btruelove3u@networksolutions.com,Bealle
Mackenzie,Shalne Bellworthy,sbellworthy3v@time.com,Shalne
Xena,Jonah Sandeson,jsandeson3w@delicious.com,Jonah
Sande,Levi McKay,lmckay3x@baidu.com,Levi
Obidiah,Matthus Connaughton,mconnaughton3y@weebly.com,Matthus
Hamish,Britteny Sollett,bsollett3z@utexas.edu,Britteny
Keen,Claudie Glenister,cglenister40@com.com,Claudie
Eric,Devin Guiness,dguiness41@issuu.com,Devin
Indira,Nicoline Origan,norigan42@wunderground.com,Nicoline
Charlean,Arlyne Tripe,atripe43@myspace.com,Arlyne
Colly,Enrico Haney`,ehaney44@craigslist.org,Enrico
Natasha,Lamar Holtham,lholtham45@weibo.com,Lamar
Abbe,Wheeler Hinstridge,whinstridge46@reuters.com,Wheeler
Maurine,Adolphus Barthrop,abarthrop47@ed.gov,Adolphus
Clevie,Elvis Bees,ebees48@arstechnica.com,Elvis
Emmaline,Marlin Kitney,mkitney49@dion.ne.jp,Marlin
Debra,Barbaraanne Andreou,bandreou4a@reddit.com,Barbaraanne
Ludwig,Stavros Rousell,srousell4b@g.co,Stavros
Teddy,Buck Jorden,bjorden4c@t.co,Buck
Philippa,Saw Pettegree,spettegree4d@bloglines.com,Saw
Jayne,Timothea Le Pine,tle4e@fema.gov,Timothea
Cheryl,Elane Grewes,egrewes4f@typepad.com,Elane
Fletch,Leelah Hacaud,lhacaud4g@slideshare.net,Leelah
Gene,Parker Archdeckne,parchdeckne4h@dion.ne.jp,Parker
Jamal,Orel Grolle,ogrolle4i@wisc.edu,Orel
Vick,Risa Jenson,rjenson4j@youtu.be,Risa
Kennan,Leona Drynan,ldrynan4k@dmoz.org,Leona
Licha,Bryanty Brandino,bbrandino4l@typepad.com,Bryanty
Dyane,Pegeen Drewell,pdrewell4m@prnewswire.com,Pegeen
Rosaleen,Ulrika Winser,uwinser4n@vistaprint.com,Ulrika
Bibbye,Paige Bedow,pbedow4o@shop-pro.jp,Paige
Heindrick,Alric Cruess,acruess4p@elpais.com,Alric
Carmel,Lesley Jore,ljore4q@so-net.ne.jp,Lesley
Neil,Raviv Kime,rkime4r@cargocollective.com,Raviv
Mureil,Ivette Osipov,iosipov4s@shinystat.com,Ivette
Jaine,Bayard Colly,bcolly4t@jigsy.com,Bayard
Vaughn,Riane Danjoie,rdanjoie4u@wikispaces.com,Riane
Kellyann,Robinet Noye,rnoye4v@japanpost.jp,Robinet
Catriona,Yale Burwell,yburwell4w@instagram.com,Yale
Shellie,Coral Goney,cgoney4x@de.vu,Coral
Silvano,Pansy Popley,ppopley4y@nature.com,Pansy
Noellyn,Nico Hembry,nhembry4z@dailymail.co.uk,Nico
Henrik,Clair Merryweather,cmerryweather50@cdbaby.com,Clair
Catriona,Latia Rayne,lrayne51@abc.net.au,Latia
Wallis,Cymbre Croxford,ccroxford52@vimeo.com,Cymbre
Henrieta,Martin Patek,mpatek53@tinyurl.com,Martin
Ines,Tiffy Crombleholme,tcrombleholme54@bbc.co.uk,Tiffy
Casar,Urbanus Colthard,ucolthard55@sogou.com,Urbanus
Myra,Marcelia Carnihan,mcarnihan56@bbc.co.uk,Marcelia
Amabelle,Rosalinde Inkster,rinkster57@prlog.org,Rosalinde
Fidole,Efrem Grandin,egrandin58@vimeo.com,Efrem
Sigrid,Sascha Champerlen,schamperlen59@pinterest.com,Sascha
Lonnie,Venita Finey,vfiney5a@google.pl,Venita
Mahalia,Leann Tattersdill,ltattersdill5b@seesaa.net,Leann
Arlie,Salli Sterre,ssterre5c@vistaprint.com,Salli
Joycelin,Drake Lampbrecht,dlampbrecht5d@google.com.br,Drake
Carina,Mikol Deverille,mdeverille5e@php.net,Mikol
Michelina,Frederigo Tichelaar,ftichelaar5f@wiley.com,Frederigo
Lindy,Julie Rebichon,jrebichon5g@wsj.com,Julie
Becky,Melloney Babbs,mbabbs5h@marketwatch.com,Melloney
Winston,Janine Shippam,jshippam5i@shinystat.com,Janine
Eleni,Thorpe Easton,teaston5j@weebly.com,Thorpe
Ryun,Park Missenden,pmissenden5k@ca.gov,Park
Stevena,Bette-ann Roz,broz5l@tmall.com,Bette-ann
Edita,Janice Ida,jida5m@microsoft.com,Janice
Cletus,Mag Perett,mperett5n@java.com,Mag
Daisey,Harri Trail,htrail5o@delicious.com,Harri
Debbie,Phillie Shynn,pshynn5p@huffingtonpost.com,Phillie
Sonnnie,Liam Savage,lsavage5q@omniture.com,Liam
Ashby,Paulita Cock,pcock5r@typepad.com,Paulita
Langsdon,Kimberlee Umpleby,kumpleby5s@canalblog.com,Kimberlee
Antonin,Barnabas Deporte,bdeporte5t@lycos.com,Barnabas
Gauthier,Karee Thomazet,kthomazet5u@gizmodo.com,Karee
Amy,Scot Prime,sprime5v@buzzfeed.com,Scot
Kassia,Prisca Portal,pportal5w@odnoklassniki.ru,Prisca
Riki,Callean Whitfeld,cwhitfeld5x@meetup.com,Callean
Benedict,Jillayne Creak,jcreak5y@youku.com,Jillayne
Townsend,Berrie Jacquemard,bjacquemard5z@bravesites.com,Berrie
Barri,May Yakovl,myakovl60@fema.gov,May
Gabe,Bat Raysdale,braysdale61@xrea.com,Bat
Albie,Orbadiah Latta,olatta62@hhs.gov,Orbadiah
Lonnard,Gherardo Jancik,gjancik63@hubpages.com,Gherardo
Angela,Rudd Lubomirski,rlubomirski64@qq.com,Rudd
Lucian,Conny Tetley,ctetley65@merriam-webster.com,Conny
Eleni,Vernor Dulen,vdulen66@salon.com,Vernor
Petey,Cathryn Mulhall,cmulhall67@lycos.com,Cathryn
Johannah,Fania Hughs,fhughs68@spotify.com,Fania
Carmel,Sarena Challis,schallis69@cafepress.com,Sarena
Kathy,Hale Mowson,hmowson6a@digg.com,Hale
Ivory,Lester Tomas,ltomas6b@cocolog-nifty.com,Lester
Brynne,Tova Ayling,tayling6c@blinklist.com,Tova
Harp,Rosalyn Geraldo,rgeraldo6d@youtube.com,Rosalyn
Cortney,Reamonn Firks,rfirks6e@myspace.com,Reamonn
Franchot,Nappie Boorne,nboorne6f@wordpress.org,Nappie
Tamarra,Tucky Larrat,tlarrat6g@mysql.com,Tucky
Cristi,Annabal Bedburrow,abedburrow6h@bloglines.com,Annabal
Orion,Hildagarde Winsper,hwinsper6i@mac.com,Hildagarde
Adriano,Annamaria Gatherell,agatherell6j@sfgate.com,Annamaria
Megan,Dall Mieville,dmieville6k@harvard.edu,Dall
Tremayne,Lorrin Blincow,lblincow6l@ted.com,Lorrin
Devinne,Cristabel Goosey,cgoosey6m@shinystat.com,Cristabel
Hali,Halimeda Schule,hschule6n@salon.com,Halimeda
Glen,Giustino Westmerland,gwestmerland6o@vistaprint.com,Giustino
Rafael,Leif Spire,lspire6p@amazon.com,Leif
Evvie,Neils Hurch,nhurch6q@desdev.cn,Neils
Melisa,Greg Casassa,gcasassa6r@un.org,Greg
Alyson,Elspeth Barnfield,ebarnfield6s@adobe.com,Elspeth
Tobit,Galvin Welldrake,gwelldrake6t@intel.com,Galvin
Frank,Emanuele Meers,emeers6u@weather.com,Emanuele
Alvy,Lou Waind,lwaind6v@economist.com,Lou
Terri,Thorsten Compston,tcompston6w@sitemeter.com,Thorsten
Natka,Emelia Maydway,emaydway6x@bloglovin.com,Emelia
Humberto,Cesar Backshill,cbackshill6y@cbslocal.com,Cesar
Wenona,Zackariah Curme,zcurme6z@google.nl,Zackariah
Valery,Brooke Oliphard,boliphard70@netscape.com,Brooke
Jill,Sephira Detoile,sdetoile71@unblog.fr,Sephira
Ruggiero,Ricki Reisin,rreisin72@google.ru,Ricki
Alic,Lacie Bittleson,lbittleson73@shinystat.com,Lacie
Mirna,Duncan Summerson,dsummerson74@mail.ru,Duncan
Shina,Harold Tarbox,htarbox75@marriott.com,Harold
Sharline,Kris Rizzini,krizzini76@microsoft.com,Kris
Cull,Jarrett Osborne,josborne77@nbcnews.com,Jarrett
Tatiania,Isacco Delicate,idelicate78@theglobeandmail.com,Isacco
Aymer,Lorrayne Algate,lalgate79@macromedia.com,Lorrayne
Carmita,Con Symers,csymers7a@typepad.com,Con
Minta,Daniele Littleton,dlittleton7b@mediafire.com,Daniele
Kirbie,Morrie Bysh,mbysh7c@behance.net,Morrie
Keven,Margit Kornilov,mkornilov7d@who.int,Margit
Angelique,Devinne Ramos,dramos7e@illinois.edu,Devinne
Matti,Camala Everington,ceverington7f@com.com,Camala
Becka,Dieter Kidman,dkidman7g@bbc.co.uk,Dieter
Lonnie,Kimmy Pybworth,kpybworth7h@wisc.edu,Kimmy
Martynne,Leandra Sylvester,lsylvester7i@pagesperso-orange.fr,Leandra
Zorana,Orly Corkan,ocorkan7j@about.com,Orly
Marketa,Dagmar Plewman,dplewman7k@mit.edu,Dagmar
Holt,Anjela Lantiff,alantiff7l@goodreads.com,Anjela
Florentia,Bettine Philippet,bphilippet7m@huffingtonpost.com,Bettine
Rosaleen,Evita Strelitzki,estrelitzki7n@istockphoto.com,Evita
Lauritz,Maggy Spybey,mspybey7o@house.gov,Maggy
Kasey,Jarrod Leathes,jleathes7p@bandcamp.com,Jarrod
Davey,Wyndham McCaughren,wmccaughren7q@nydailynews.com,Wyndham
Laurette,Ursuline Moses,umoses7r@yellowbook.com,Ursuline
June,Bunny Smithend,bsmithend7s@php.net,Bunny
Alika,Janaye Aberhart,jaberhart7t@google.es,Janaye
Edwin,Oby Hocking,ohocking7u@bizjournals.com,Oby
Theressa,Claudianus Marchent,cmarchent7v@histats.com,Claudianus
Ford,Penelopa Moxham,pmoxham7w@dailymail.co.uk,Penelopa
Julina,Pippa Fernihough,pfernihough7x@tumblr.com,Pippa
Nananne,Loleta MacArdle,lmacardle7y@howstuffworks.com,Loleta
Carmon,Denis Penswick,dpenswick7z@mashable.com,Denis
Ashia,Glenn Bowering,gbowering80@hibu.com,Glenn
Tana,Dre Feighney,dfeighney81@arizona.edu,Dre
Peta,Dom Chessell,dchessell82@irs.gov,Dom
Marita,Godiva Cristofol,gcristofol83@mysql.com,Godiva
Matthus,Brigg Reece,breece84@parallels.com,Brigg
Rosabelle,Michail Petriello,mpetriello85@gmpg.org,Michail
Gasparo,Clemmy Etoile,cetoile86@google.pl,Clemmy
Chas,Jermain Mallabone,jmallabone87@ftc.gov,Jermain
Liane,Leisha Hedan,lhedan88@yellowpages.com,Leisha
Florry,Barris Adamiec,badamiec89@shop-pro.jp,Barris
Miguela,Durward Chasen,dchasen8a@google.co.uk,Durward
Any,Romola Cutill,rcutill8b@bbb.org,Romola
Jana,Bernita Lickorish,blickorish8c@skyrock.com,Bernita
Faythe,Aurilia Ruusa,aruusa8d@diigo.com,Aurilia
Debi,Adaline Brecken,abrecken8e@yellowpages.com,Adaline
Ikey,Trefor Dunridge,tdunridge8f@uol.com.br,Trefor
Giffer,Barbe Tamas,btamas8g@theguardian.com,Barbe
Yul,Dorrie Blacksland,dblacksland8h@skyrock.com,Dorrie
Bartholomeus,Paul Brundale,pbrundale8i@de.vu,Paul
Farrell,Morly Glendining,mglendining8j@shinystat.com,Morly
Nap,Claudia Iacovaccio,ciacovaccio8k@moonfruit.com,Claudia
Brig,Job Colbertson,jcolbertson8l@blogs.com,Job
Lon,Lanae Morgen,lmorgen8m@e-recht24.de,Lanae
Alejandro,Gretal Caulcott,gcaulcott8n@upenn.edu,Gretal
Benedetto,Linus McGee,lmcgee8o@instagram.com,Linus
Claiborn,Anni Jolly,ajolly8p@umn.edu,Anni
Opalina,Arnie O'Kinedy,aokinedy8q@theatlantic.com,Arnie
Myrta,Colline Heathcote,cheathcote8r@nba.com,Colline
Burlie,Druci Baise,dbaise8s@odnoklassniki.ru,Druci
Les,Bern Chitter,bchitter8t@naver.com,Bern
Ibby,Lyndsey Whitmarsh,lwhitmarsh8u@mit.edu,Lyndsey
Erda,Renae Chell,rchell8v@rakuten.co.jp,Renae
Maddalena,Rhetta Aireton,raireton8w@wunderground.com,Rhetta
Cooper,Adriaens Jonin,ajonin8x@mayoclinic.com,Adriaens
Carlita,Fancie Ballchin,fballchin8y@ed.gov,Fancie
Philip,Star Heiton,sheiton8z@howstuffworks.com,Star
Jackquelin,Godfry Seifert,gseifert90@europa.eu,Godfry
Kattie,Coriss Stallworthy,cstallworthy91@360.cn,Coriss
Jaymee,Sharlene Cogle,scogle92@bbb.org,Sharlene
Lexine,Germain Greiswood,ggreiswood93@pcworld.com,Germain
Cathe,Smitty Coltart,scoltart94@sun.com,Smitty
May,Abbot Dumbleton,adumbleton95@wikipedia.org,Abbot
Pen,Aurelie Gearty,agearty96@pen.io,Aurelie
Erich,Tessa McAlinden,tmcalinden97@ebay.co.uk,Tessa
Wyatan,Andres Gabotti,agabotti98@huffingtonpost.com,Andres
Beilul,Ajay Retter,aretter99@tinyurl.com,Ajay
Gage,Truman Wellbelove,twellbelove9a@so-net.ne.jp,Truman
Nita,Dario Upson,dupson9b@sogou.com,Dario
Towny,Nerita Kubanek,nkubanek9c@indiatimes.com,Nerita
Cissy,Ekaterina Crutcher,ecrutcher9d@hc360.com,Ekaterina
Clim,Haze Posten,hposten9e@google.de,Haze
Dyan,Justus Wallis,jwallis9f@mozilla.com,Justus
Bliss,Joachim Yockley,jyockley9g@wordpress.com,Joachim
Marieann,Ban Tarply,btarply9h@google.de,Ban
Augy,Delcine Richarson,dricharson9i@dailymail.co.uk,Delcine
Tomas,Siouxie Marcam,smarcam9j@auda.org.au,Siouxie
Cobbie,Yasmin Tunbridge,ytunbridge9k@cocolog-nifty.com,Yasmin
Natasha,Devondra Morecombe,dmorecombe9l@china.com.cn,Devondra
Marillin,Nicolai Guerreru,nguerreru9m@cbsnews.com,Nicolai
Felicle,Kelby Klulisek,kklulisek9n@instagram.com,Kelby
Boy,Hillary Dionisetti,hdionisetti9o@hubpages.com,Hillary
Alonso,Rubina Fay,rfay9p@springer.com,Rubina
Dorisa,Gennifer Mitchard,gmitchard9q@cdbaby.com,Gennifer
Blaire,Eileen Seargeant,eseargeant9r@youku.com,Eileen
Sandi,Angele McQuade,amcquade9s@symantec.com,Angele
Griselda,Aube Pickersail,apickersail9t@gmpg.org,Aube
Devin,Barnett Tink,btink9u@wisc.edu,Barnett
Catherin,Dorella Ledson,dledson9v@aol.com,Dorella
Lelia,Allie Camplejohn,acamplejohn9w@prnewswire.com,Allie
Kiersten,Honoria Collishaw,hcollishaw9x@blog.com,Honoria
Alistair,Jessy Kofax,jkofax9y@friendfeed.com,Jessy
Eugenius,Bartel Linge,blinge9z@elpais.com,Bartel
Maurits,Griselda Hunday,ghundaya0@wikipedia.org,Griselda
Justen,Cobby Pavinese,cpavinesea1@vinaora.com,Cobby
Brandon,Frederik Woodyatt,fwoodyatta2@cnbc.com,Frederik
Aguste,Jefferson Beeson,jbeesona3@hugedomains.com,Jefferson
Tate,Glendon Hiscoke,ghiscokea4@yolasite.com,Glendon
Ozzy,Abigail Condell,acondella5@amazon.co.jp,Abigail
Jedediah,Marijo Plaid,mplaida6@vimeo.com,Marijo
Annabelle,Storm Freiberg,sfreiberga7@newyorker.com,Storm
Claudine,Daven Wrout,dwrouta8@sciencedirect.com,Daven
Napoleon,Evelyn Megahey,emegaheya9@eventbrite.com,Evelyn
Hermia,Mindy Wallas,mwallasaa@fc2.com,Mindy
Gardie,Chic Freeburn,cfreeburnab@gizmodo.com,Chic
Blondell,Allister Renfree,arenfreeac@biglobe.ne.jp,Allister
Garv,Wenona Schlagh,wschlaghad@pen.io,Wenona
Leontine,Queenie Bestman,qbestmanae@edublogs.org,Queenie
Lyn,Daune Maskall,dmaskallaf@t.co,Daune
Berty,Justino Teenan,jteenanag@people.com.cn,Justino
Craggy,Cesare Wheeldon,cwheeldonah@state.tx.us,Cesare
Quintana,Margette Charley,mcharleyai@wp.com,Margette
Carlynn,Finn O'Carran,focarranaj@bing.com,Finn
Dorotea,Dukie Mowne,dmowneak@rambler.ru,Dukie
Karine,Ellynn Devinn,edevinnal@usatoday.com,Ellynn
Bar,Sioux Starbuck,sstarbuckam@blog.com,Sioux
Yettie,Billy Alwen,balwenan@usda.gov,Billy
Elmore,Audre Oldroyde,aoldroydeao@google.com.au,Audre
Malissia,Consalve Bullard,cbullardap@howstuffworks.com,Consalve
Cob,Akim Dethloff,adethloffaq@google.co.uk,Akim
Lenna,Meier Cuppleditch,mcuppleditchar@opera.com,Meier
Hogan,Westley Dollar,wdollaras@twitpic.com,Westley
Vasilis,Reggi Gaymar,rgaymarat@tiny.cc,Reggi
Micheil,Lolita Labro,llabroau@linkedin.com,Lolita
Randolph,Free Linner,flinnerav@vinaora.com,Free
Harold,Afton Ethington,aethingtonaw@mail.ru,Afton
Shandy,Angelo Batchellor,abatchellorax@npr.org,Angelo
Cynde,Kordula Redgate,kredgateay@sitemeter.com,Kordula
Eran,Cate Andrus,candrusaz@shareasale.com,Cate
Karlens,Even Francisco,efranciscob0@cpanel.net,Even
Ronna,Melli Matterson,mmattersonb1@adobe.com,Melli
Nicoline,Jack Franscioni,jfranscionib2@digg.com,Jack
Clevie,Donella Barnbrook,dbarnbrookb3@bluehost.com,Donella
Silvio,Shane Clementi,sclementib4@wordpress.org,Shane
Thorvald,Chickie Ocheltree,cocheltreeb5@umich.edu,Chickie
Odella,Karrie Ridgewell,kridgewellb6@amazon.co.uk,Karrie
Harriot,Jenine McGeechan,jmcgeechanb7@icio.us,Jenine
Petronilla,Ginger Potzold,gpotzoldb8@shutterfly.com,Ginger
Ruprecht,Tommy Trembey,ttrembeyb9@wikimedia.org,Tommy
Jolyn,Janey Stockin,jstockinba@china.com.cn,Janey
Cyrille,Cissy Grahlmans,cgrahlmansbb@cdc.gov,Cissy
Andria,Hanni Yeliashev,hyeliashevbc@cornell.edu,Hanni
Barde,Phil Devonside,pdevonsidebd@networkadvertising.org,Phil
Benjy,Marchall Label,mlabelbe@elegantthemes.com,Marchall
Hollyanne,Harmonia Skipping,hskippingbf@google.com.hk,Harmonia
Booth,Robinet Gebbie,rgebbiebg@disqus.com,Robinet
Willamina,Maryanna Rentelll,mrentelllbh@1688.com,Maryanna
Perry,Alexandros Macon,amaconbi@flavors.me,Alexandros
Dore,Estel Thorogood,ethorogoodbj@themeforest.net,Estel
Calvin,Melisa Trubshaw,mtrubshawbk@addthis.com,Melisa
Merrel,Wake Trathan,wtrathanbl@hhs.gov,Wake
Caprice,Perkin Butter,pbutterbm@redcross.org,Perkin
Pincas,Renata Liversley,rliversleybn@tinyurl.com,Renata
Edvard,Colleen Scorey,cscoreybo@scribd.com,Colleen
Rubie,Arvin Bussel,abusselbp@abc.net.au,Arvin
Amii,Nickolaus Ingry,ningrybq@homestead.com,Nickolaus
Gerhardt,Micki Siviter,msiviterbr@usa.gov,Micki
Roth,Bibby Simko,bsimkobs@php.net,Bibby
Katerine,Chance Drane,cdranebt@columbia.edu,Chance
Jard,Basilio Paolicchi,bpaolicchibu@icio.us,Basilio
Wolfy,Amie Hugin,ahuginbv@csmonitor.com,Amie
Bastian,Pren Menaul,pmenaulbw@indiegogo.com,Pren
Amery,Donaugh Lambeth,dlambethbx@pinterest.com,Donaugh
Jenica,Alisa Gambles,agamblesby@yahoo.com,Alisa
Denise,Demetrius Phython,dphythonbz@shop-pro.jp,Demetrius
Hill,Kirsten Tonbye,ktonbyec0@tripadvisor.com,Kirsten
Marybelle,Fania Soles,fsolesc1@diigo.com,Fania
Mabel,Lorinda Trenaman,ltrenamanc2@simplemachines.org,Lorinda
Alwin,Clarance MacGorman,cmacgormanc3@sbwire.com,Clarance
Marion,Francisca Ellar,fellarc4@nhs.uk,Francisca
Maureene,Elena Handley,ehandleyc5@smugmug.com,Elena
Hephzibah,Jaclyn Hairsine,jhairsinec6@reddit.com,Jaclyn
Idelle,Winfield Rosenbaum,wrosenbaumc7@live.com,Winfield
Ellissa,Nicole Radin,nradinc8@delicious.com,Nicole
Yuma,Marnie De Cleyne,mdec9@pagesperso-orange.fr,Marnie
Elliot,Sheree McCurtin,smccurtinca@jimdo.com,Sheree
Norris,Wilhelmine Parrington,wparringtoncb@berkeley.edu,Wilhelmine
Corabel,Daloris Rickis,drickiscc@washingtonpost.com,Daloris
Dominica,Mercy Borges,mborgescd@eventbrite.com,Mercy
Wilow,Alexi Dugood,adugoodce@seesaa.net,Alexi
Anthe,Peadar Ottee,potteecf@latimes.com,Peadar
Jule,Michal Biskupiak,mbiskupiakcg@w3.org,Michal
Hillie,Janifer Mowles,jmowlesch@unicef.org,Janifer
Karrah,Missie Rowlings,mrowlingsci@comsenz.com,Missie
Laurel,Kary Legate,klegatecj@123-reg.co.uk,Kary
Jobey,Garek Greedy,ggreedyck@pagesperso-orange.fr,Garek
Stacy,Stephana Burcombe,sburcombecl@huffingtonpost.com,Stephana
Leeann,Tamarra Arnecke,tarneckecm@wikia.com,Tamarra
Kippie,Mariann Dods,mdodscn@businesswire.com,Mariann
Devin,Wilbert MacCoughen,wmaccoughenco@walmart.com,Wilbert
Loydie,Sibeal Willimott,swillimottcp@uol.com.br,Sibeal
Keriann,Glynn Bonn,gbonncq@va.gov,Glynn
Letty,Trenna MacCurtain,tmaccurtaincr@aol.com,Trenna
Any,Paulina Risborough,prisboroughcs@bravesites.com,Paulina
Evita,Pat Sawdon,psawdonct@baidu.com,Pat
Sande,Trumann Thompstone,tthompstonecu@miibeian.gov.cn,Trumann
Bald,Myron Vella,mvellacv@spiegel.de,Myron
Annelise,Eleni Alexis,ealexiscw@eepurl.com,Eleni
Dniren,Corena Stanyland,cstanylandcx@list-manage.com,Corena
Corina,Wolf Gutridge,wgutridgecy@wunderground.com,Wolf
Amelina,Karlene O' Donohoe,kocz@sogou.com,Karlene
Dionysus,Ellary Hackin,ehackind0@mlb.com,Ellary
Arman,Stephen Valasek,svalasekd1@hhs.gov,Stephen
Henryetta,Stillman Gayther,sgaytherd2@nyu.edu,Stillman
Wayland,Windy Spens,wspensd3@upenn.edu,Windy
Lucky,Beryl Cremen,bcremend4@weebly.com,Beryl
Rhea,Fayre Gever,fgeverd5@nyu.edu,Fayre
Kora,Di Kibble,dkibbled6@google.cn,Di
Malinda,Sammy Catterell,scatterelld7@printfriendly.com,Sammy
Crysta,Gannon Aylmore,gaylmored8@creativecommons.org,Gannon
Gordan,Velma Neubigin,vneubigind9@zimbio.com,Velma
Laney,Alejandra Banting,abantingda@abc.net.au,Alejandra
Shelbi,Giovanni Shearmur,gshearmurdb@ihg.com,Giovanni
Bunni,James Setterfield,jsetterfielddc@imageshack.us,James
Raychel,Fallon Carney,fcarneydd@woothemes.com,Fallon
Theadora,Philly Gellert,pgellertde@privacy.gov.au,Philly
Friederike,Paten Loges,plogesdf@myspace.com,Paten
Mandy,Brade Fort,bfortdg@storify.com,Brade
Jacynth,Abigael Bertome,abertomedh@aboutads.info,Abigael
Thornton,Brennen London,blondondi@cmu.edu,Brennen
Kati,Deloria Hardstaff,dhardstaffdj@twitter.com,Deloria
Craig,Garrik Blincowe,gblincowedk@sbwire.com,Garrik
Ginnifer,Louella Papa,lpapadl@fda.gov,Louella
Revkah,Ganny Spera,gsperadm@hibu.com,Ganny
Jacklin,Agustin Hedling,ahedlingdn@economist.com,Agustin
Daniella,Pamela Mottinelli,pmottinellido@businessinsider.com,Pamela
Carmita,Creight Poschel,cposcheldp@networksolutions.com,Creight
Dulcine,Allsun Waddington,awaddingtondq@digg.com,Allsun
Griffin,Cece Trott,ctrottdr@imageshack.us,Cece
Joseph,Farra Heggs,fheggsds@paginegialle.it,Farra
Klarrisa,Jacques Di Napoli,jdidt@dagondesign.com,Jacques
Elsi,Bernice Klassman,bklassmandu@surveymonkey.com,Bernice
Pernell,Lorianne Boniface,lbonifacedv@mysql.com,Lorianne
Alis,Vivien Roots,vrootsdw@va.gov,Vivien
Jobi,Maddy Height,mheightdx@mediafire.com,Maddy
Norry,Francklyn Fasler,ffaslerdy@deviantart.com,Francklyn
Sabra,Gregoire Keir,gkeirdz@constantcontact.com,Gregoire
Amelita,Tripp Moorey,tmooreye0@comsenz.com,Tripp
Albertine,Gertruda Crennell,gcrennelle1@sogou.com,Gertruda
Garreth,Dolf Poytheras,dpoytherase2@blogtalkradio.com,Dolf
Alisha,Urbain Casarini,ucasarinie3@skyrock.com,Urbain
Tiphani,Torrie Crusham,tcrushame4@springer.com,Torrie
Glory,Ellie Soonhouse,esoonhousee5@indiegogo.com,Ellie
Maribeth,Josey Wike,jwikee6@howstuffworks.com,Josey
Rosalind,Paule Maton,pmatone7@google.fr,Paule
Henrie,Aluino Evamy,aevamye8@weebly.com,Aluino
Reinaldo,Genevra Linder,glindere9@sohu.com,Genevra
Bettina,Sid Larman,slarmanea@barnesandnoble.com,Sid
Frannie,Bobbie Glavis,bglaviseb@tinypic.com,Bobbie
Gardiner,Gay Lammas,glammasec@about.me,Gay
Jeniece,Jakob Wildash,jwildashed@blogger.com,Jakob
Egbert,Jacquette Ivanshintsev,jivanshintsevee@businessinsider.com,Jacquette
Hyman,Guillermo Kewzick,gkewzickef@livejournal.com,Guillermo
Eward,Nicolette Virr,nvirreg@uiuc.edu,Nicolette
Dore,Rolf Bankes,rbankeseh@ning.com,Rolf
Doralyn,Desi Tabbernor,dtabbernorei@google.pl,Desi
Elana,Sonny Bolger,sbolgerej@alibaba.com,Sonny
Orville,Riva Snoddon,rsnoddonek@sakura.ne.jp,Riva
Lancelot,Tootsie Galton,tgaltonel@google.de,Tootsie
Dacy,Becky Huonic,bhuonicem@springer.com,Becky
Ewan,Kerrill Tarney,ktarneyen@mail.ru,Kerrill
Clari,Binny Gawkes,bgawkeseo@mozilla.org,Binny
Diego,Valaria Pound,vpoundep@oracle.com,Valaria
Rita,Nell Sidnall,nsidnalleq@fda.gov,Nell
Reeva,Kristan Scotland,kscotlander@dagondesign.com,Kristan
Shalom,Sandy Hartnell,shartnelles@soundcloud.com,Sandy
Shepperd,Lyndell Radolf,lradolfet@unicef.org,Lyndell
Cordula,Chandra Lindenfeld,clindenfeldeu@miibeian.gov.cn,Chandra
Knox,Fabiano McCoughan,fmccoughanev@tripadvisor.com,Fabiano
Malinda,Alfonso Stollenberg,astollenbergew@uol.com.br,Alfonso
Leola,Alfie Pears,apearsex@patch.com,Alfie
Sandy,Clem Lasselle,classelleey@over-blog.com,Clem
Rasla,Gregorio Haggar,ghaggarez@nymag.com,Gregorio
Pepito,Willy Yedall,wyedallf0@tinypic.com,Willy
Stace,Nathan Breagan,nbreaganf1@wp.com,Nathan
Modestine,Harman Guinan,hguinanf2@salon.com,Harman
Mathilde,Gussi Pull,gpullf3@dion.ne.jp,Gussi
Obadias,Lorrie Fielders,lfieldersf4@wikispaces.com,Lorrie
Zak,Adina Kays,akaysf5@icio.us,Adina
Janaya,Gil Wilacot,gwilacotf6@aboutads.info,Gil
Keefer,Reinaldo Pasticznyk,rpasticznykf7@tinypic.com,Reinaldo
Alvie,Alika Martill,amartillf8@blogspot.com,Alika
Delora,Gaultiero Dillon,gdillonf9@archive.org,Gaultiero
Maximilianus,Barnett Mannakee,bmannakeefa@princeton.edu,Barnett
Ariela,Ruth Samsworth,rsamsworthfb@furl.net,Ruth
Yulma,Seumas Higgonet,shiggonetfc@macromedia.com,Seumas
Gaynor,Brion Broomhead,bbroomheadfd@pcworld.com,Brion
Therine,Susanne Gudde,sguddefe@sun.com,Susanne
Mirilla,Conway Winckles,cwincklesff@irs.gov,Conway
Kit,Madlin Janney,mjanneyfg@taobao.com,Madlin
Kalila,Zuzana Tuite,ztuitefh@tripod.com,Zuzana
Sileas,Benita Entissle,bentisslefi@themeforest.net,Benita
Justin,Ogdan Flieg,ofliegfj@msn.com,Ogdan
Devondra,Hakim Crosswaite,hcrosswaitefk@usgs.gov,Hakim
Bernard,Eydie Archanbault,earchanbaultfl@etsy.com,Eydie
Linc,Joshuah Piletic,jpileticfm@dell.com,Joshuah
Dalston,Lovell Fitter,lfitterfn@unblog.fr,Lovell
Christabel,Melody Farrand,mfarrandfo@unesco.org,Melody
Dodie,Sula Cottingham,scottinghamfp@hao123.com,Sula
Fleming,Maddie Dullingham,mdullinghamfq@multiply.com,Maddie
Waite,Leighton Darker,ldarkerfr@1und1.de,Leighton
Karole,Akim McLafferty,amclaffertyfs@gnu.org,Akim
Pandora,Paula Brandle,pbrandleft@rakuten.co.jp,Paula
Trumann,Iorgos Fox,ifoxfu@slashdot.org,Iorgos
Feodor,Ailbert Pilgram,apilgramfv@yellowpages.com,Ailbert
Charmion,Trixi Wager,twagerfw@unesco.org,Trixi
Mart,Georgette Sheehan,gsheehanfx@1und1.de,Georgette
Jen,Dick Kemsley,dkemsleyfy@ycombinator.com,Dick
Ab,Allys Schaffel,aschaffelfz@irs.gov,Allys
Alfonso,Sharl Whooley,swhooleyg0@amazon.co.uk,Sharl
Baird,Vanessa Sutherley,vsutherleyg1@cbslocal.com,Vanessa
Annamarie,Garfield Auchterlony,gauchterlonyg2@blogspot.com,Garfield
Martin,Jamison Dilgarno,jdilgarnog3@mashable.com,Jamison
Wandie,Rebbecca Mackro,rmackrog4@i2i.jp,Rebbecca
Kaye,Merrie Yo,myog5@ftc.gov,Merrie
Ferguson,Eldon Fontanet,efontanetg6@examiner.com,Eldon
Vicki,Patrice Feares,pfearesg7@multiply.com,Patrice
Worthy,Analiese Hargate,ahargateg8@oakley.com,Analiese
Danyette,Michel Mechell,mmechellg9@reference.com,Michel
Willi,Woodie Rubinowicz,wrubinowiczga@moonfruit.com,Woodie
Felicia,Claire Charman,ccharmangb@indiatimes.com,Claire
Berry,Sadie Propper,sproppergc@kickstarter.com,Sadie
Aldis,Claudell Smuth,csmuthgd@va.gov,Claudell
Dorian,Esra Blackwell,eblackwellge@acquirethisname.com,Esra
Quinn,Raine Stelle,rstellegf@zimbio.com,Raine
Liana,Kristoforo Workes,kworkesgg@webnode.com,Kristoforo
Mayer,Larine Mathan,lmathangh@wikipedia.org,Larine
Wilburt,Somerset Delbergue,sdelberguegi@php.net,Somerset
Veda,Gennie Cicco,gciccogj@hatena.ne.jp,Gennie
Erminia,Osborne Mathelin,omathelingk@g.co,Osborne
Rodrique,Keven Bremmell,kbremmellgl@admin.ch,Keven
Lora,Pierette Van Schafflaer,pvangm@moonfruit.com,Pierette
Holly,Denys Oliphand,doliphandgn@oracle.com,Denys
Pammi,Marty Geeves,mgeevesgo@live.com,Marty
Bertina,Dael Garratt,dgarrattgp@cmu.edu,Dael
Carol,Sherri Tindle,stindlegq@people.com.cn,Sherri
Tallulah,Nance Thieme,nthiemegr@sitemeter.com,Nance
Florence,Hyacinthia Lambell,hlambellgs@trellian.com,Hyacinthia
Missy,Gusty Draco,gdracogt@nydailynews.com,Gusty
Granville,Suzann Chaudret,schaudretgu@theatlantic.com,Suzann
Aubry,Fallon Collisson,fcollissongv@princeton.edu,Fallon
Arluene,Guido Foskett,gfoskettgw@auda.org.au,Guido
Berk,Brunhilda Gutowski,bgutowskigx@whitehouse.gov,Brunhilda
Janie,Wally Got,wgotgy@walmart.com,Wally
Truda,Denver Gitting,dgittinggz@wikimedia.org,Denver
Phil,Brooks Mannering,bmanneringh0@home.pl,Brooks
Brietta,Florry Innis,finnish1@deviantart.com,Florry
Benyamin,Orazio Degoe,odegoeh2@miibeian.gov.cn,Orazio
Allister,Rona Bispo,rbispoh3@soup.io,Rona
Ansley,Carolee Brimmicombe,cbrimmicombeh4@qq.com,Carolee
Matilde,Brenn Dake,bdakeh5@studiopress.com,Brenn
Selinda,Alexio Gettins,agettinsh6@de.vu,Alexio
Todd,Brit Mateuszczyk,bmateuszczykh7@ask.com,Brit
Ravid,Marielle Roblett,mrobletth8@paypal.com,Marielle
Nico,Letti Curman,lcurmanh9@pen.io,Letti
Vic,Truman Lugard,tlugardha@merriam-webster.com,Truman
Ellary,Joy Jell,jjellhb@google.co.uk,Joy
Candide,Briant Beneteau,bbeneteauhc@netvibes.com,Briant
Shandie,Latrina Whiskerd,lwhiskerdhd@tinyurl.com,Latrina
Wood,Biron Caisley,bcaisleyhe@sourceforge.net,Biron
Gray,Benita Lytton,blyttonhf@deliciousdays.com,Benita
Cory,Karlotte Chapellow,kchapellowhg@shop-pro.jp,Karlotte
Fitz,Dyanne Pynner,dpynnerhh@statcounter.com,Dyanne
Daveta,Nero Lampett,nlampetthi@odnoklassniki.ru,Nero
Calv,Marika Buckenhill,mbuckenhillhj@bravesites.com,Marika
Iolanthe,Roxi Hirtzmann,rhirtzmannhk@google.ru,Roxi
Dew,Curcio Trussler,ctrusslerhl@cpanel.net,Curcio
Elsinore,Charity Bettenay,cbettenayhm@forbes.com,Charity
Giorgi,Gusta Dawney,gdawneyhn@booking.com,Gusta
Harbert,Osborn De Francisci,odeho@sfgate.com,Osborn
Isidoro,Hunt Zanicchelli,hzanicchellihp@gnu.org,Hunt
Morrie,Felicity Adamsen,fadamsenhq@fc2.com,Felicity
Wolfgang,Hugo Goldup,hgolduphr@mac.com,Hugo
Enrichetta,Charlena Leveridge,cleveridgehs@va.gov,Charlena
Vonny,Leodora Wooton,lwootonht@networksolutions.com,Leodora
Judi,Steffi Chawkley,schawkleyhu@msn.com,Steffi
Heinrick,Jackquelin Philps,jphilpshv@admin.ch,Jackquelin
Alyce,Gregorius Bishopp,gbishopphw@zdnet.com,Gregorius
Pauletta,Sydney Longfut,slongfuthx@whitehouse.gov,Sydney
Cornelle,Blisse Neiland,bneilandhy@boston.com,Blisse
Nikos,Robbi Toffler,rtofflerhz@liveinternet.ru,Robbi
Elroy,Cathrin Carine,ccarinei0@alexa.com,Cathrin
Lanie,Burr Stode,bstodei1@shutterfly.com,Burr
Heindrick,Linell Edgcombe,ledgcombei2@t.co,Linell
Lanae,Frances Wallentin,fwallentini3@issuu.com,Frances
Camile,Gretna Fellenor,gfellenori4@nydailynews.com,Gretna
Hallsy,Cathee Jessup,cjessupi5@people.com.cn,Cathee
Shelagh,Pattin Mathieu,pmathieui6@tinypic.com,Pattin
Opaline,Way Redmire,wredmirei7@privacy.gov.au,Way
Ignacio,Dian Mabone,dmabonei8@ucsd.edu,Dian
Verina,Ambros Beggs,abeggsi9@shutterfly.com,Ambros
Bill,Dosi Mariet,dmarietia@goodreads.com,Dosi
Harley,Reyna Kilshaw,rkilshawib@hc360.com,Reyna
Meagan,Kristien Elland,kellandic@cam.ac.uk,Kristien
Dmitri,Ag Hansard,ahansardid@tuttocitta.it,Ag
Winnah,Albrecht Stovell,astovellie@networkadvertising.org,Albrecht
Jerry,Ema Jost,ejostif@github.io,Ema
Teddie,Mitchel Wanklin,mwanklinig@apple.com,Mitchel
Jacklyn,Kristel Hellin,khellinih@google.com,Kristel
Robby,Madeline Romei,mromeiii@live.com,Madeline
Crin,Norine Bispham,nbisphamij@woothemes.com,Norine
Brandise,Charley Antonazzi,cantonazziik@techcrunch.com,Charley
Worth,Hermie Gymblett,hgymblettil@state.gov,Hermie
Feodora,Dianne Houchen,dhouchenim@sciencedirect.com,Dianne
Neala,Bernardine Robet,brobetin@gravatar.com,Bernardine
Cyrus,Herculie Mattei,hmatteiio@digg.com,Herculie
Joyous,Rianon Ridolfi,rridolfiip@php.net,Rianon
Marietta,Allsun Dingate,adingateiq@addthis.com,Allsun
Anett,Brady Bolsteridge,bbolsteridgeir@w3.org,Brady
Helaina,Daphene Longcaster,dlongcasteris@earthlink.net,Daphene
Darya,Hillier Raycroft,hraycroftit@yahoo.com,Hillier
Stephen,Weylin Ferrero,wferreroiu@e-recht24.de,Weylin
Cloe,Nicol Rissen,nrisseniv@bloomberg.com,Nicol
Karolina,Gizela Meach,gmeachiw@businesswire.com,Gizela
Arda,Nels O'Shesnan,noshesnanix@amazon.co.jp,Nels
Hunter,Juliette Vettore,jvettoreiy@washington.edu,Juliette
Dolley,Cosette Harby,charbyiz@mit.edu,Cosette
Crawford,Cristin Trustie,ctrustiej0@free.fr,Cristin
Brockie,Davey Rotte,drottej1@dedecms.com,Davey
Fidel,Link Pobjoy,lpobjoyj2@nydailynews.com,Link
Kylila,Sabina Armall,sarmallj3@google.ca,Sabina
Chevy,Neda Commins,ncomminsj4@nydailynews.com,Neda
Ingra,Rhea Mapples,rmapplesj5@prlog.org,Rhea
Rubina,Hogan Macvain,hmacvainj6@barnesandnoble.com,Hogan
Phillipp,Agosto Leedes,aleedesj7@ycombinator.com,Agosto
Dell,Bennie Rennix,brennixj8@acquirethisname.com,Bennie
Douglas,Darby David,ddavidj9@chron.com,Darby
Misti,Michaelina Boydell,mboydellja@aboutads.info,Michaelina
Jacklin,Kori Neames,kneamesjb@is.gd,Kori
Lisbeth,Marlon Ziemens,mziemensjc@dion.ne.jp,Marlon
Alexis,Grover Bolingbroke,gbolingbrokejd@google.co.jp,Grover
Leonora,Rogerio Di Lucia,rdije@tripadvisor.com,Rogerio
Jeanne,Beitris Scawen,bscawenjf@bluehost.com,Beitris
Rollo,Art Seydlitz,aseydlitzjg@sina.com.cn,Art
Faye,Bambie Townsend,btownsendjh@indiatimes.com,Bambie
Nolan,Leonie Baunton,lbauntonji@nsw.gov.au,Leonie
Beitris,Brod Daniaud,bdaniaudjj@fotki.com,Brod
Stanton,Elia Crookes,ecrookesjk@skype.com,Elia
Claire,Kameko Killingback,kkillingbackjl@t-online.de,Kameko
Kori,Neda Longea,nlongeajm@oakley.com,Neda
Shay,Gwenette Huitson,ghuitsonjn@ocn.ne.jp,Gwenette
Lizbeth,Jermaine Chalfant,jchalfantjo@bravesites.com,Jermaine
Jeanette,Jeffrey Winchester,jwinchesterjp@g.co,Jeffrey
Isidro,Madelaine McQuin,mmcquinjq@hud.gov,Madelaine
Rici,Johnathan Arnoult,jarnoultjr@yahoo.co.jp,Johnathan
Corny,Blithe Hirschmann,bhirschmannjs@craigslist.org,Blithe
Coraline,Marie Barbisch,mbarbischjt@hubpages.com,Marie
Niccolo,Christalle Albion,calbionju@e-recht24.de,Christalle
Richie,Pegeen Labusquiere,plabusquierejv@networkadvertising.org,Pegeen
Osborne,Ogden McNab,omcnabjw@themeforest.net,Ogden
Shauna,Latrina Innis,linnisjx@cbslocal.com,Latrina
Adah,Jarad McIlwaine,jmcilwainejy@amazon.de,Jarad
Avictor,Sunny Causon,scausonjz@rakuten.co.jp,Sunny
Berny,Lanni Angell,langellk0@mayoclinic.com,Lanni
Dahlia,Nevil Phethean,nphetheank1@cyberchimps.com,Nevil
Tresa,Kailey Weston,kwestonk2@google.it,Kailey
Bronnie,Rosie Tippell,rtippellk3@posterous.com,Rosie
Wayland,Jorrie Blewmen,jblewmenk4@flickr.com,Jorrie
Nikoletta,Harriett Saintsbury,hsaintsburyk5@amazon.com,Harriett
Lorrie,Celestina McDill,cmcdillk6@shinystat.com,Celestina
Hailey,Daryl Duesberry,dduesberryk7@bbc.co.uk,Daryl
Cordelia,Bonny Waple,bwaplek8@washingtonpost.com,Bonny
Tricia,Laurice Lukehurst,llukehurstk9@cbsnews.com,Laurice
Ryon,Cinderella Mein,cmeinka@dedecms.com,Cinderella
Lib,Theodosia Conyers,tconyerskb@networkadvertising.org,Theodosia
Briant,Elisha Swettenham,eswettenhamkc@engadget.com,Elisha
Sergent,Maryanna Josephsen,mjosephsenkd@wordpress.org,Maryanna
Aguistin,Carlyn Lamping,clampingke@army.mil,Carlyn
Farra,Geoffry Choppin,gchoppinkf@linkedin.com,Geoffry
Bertrando,Katherine Blindermann,kblindermannkg@bloglovin.com,Katherine
Pammy,Windham Besemer,wbesemerkh@sina.com.cn,Windham
Toby,Jerrie Comberbach,jcomberbachki@ifeng.com,Jerrie
Aloysia,Claude Skyrm,cskyrmkj@about.me,Claude
Isahella,Drusie Brockherst,dbrockherstkk@google.ca,Drusie
Malina,Rosana Gosnay,rgosnaykl@vkontakte.ru,Rosana
Dorine,Modestia Jantet,mjantetkm@kickstarter.com,Modestia
Ranique,Susy Philcock,sphilcockkn@ezinearticles.com,Susy
Sandye,Elissa Eakin,eeakinko@hubpages.com,Elissa
Vernice,Milt Gladwish,mgladwishkp@booking.com,Milt
Cathryn,Andrea Fripp,afrippkq@globo.com,Andrea
Haydon,Bertie Lupson,blupsonkr@howstuffworks.com,Bertie
Alison,Faulkner Rubbens,frubbensks@economist.com,Faulkner
Brandy,Glen Pitford,gpitfordkt@bloglines.com,Glen
Rora,Jaquenetta Patey,jpateyku@alexa.com,Jaquenetta
Ninette,Nicola Crock,ncrockkv@merriam-webster.com,Nicola
Sherwin,Korry Licciardiello,klicciardiellokw@fc2.com,Korry
Addy,Andie Strugnell,astrugnellkx@people.com.cn,Andie
Horst,Patti MacEnelly,pmacenellyky@yale.edu,Patti
Amity,Lyda Cabrer,lcabrerkz@latimes.com,Lyda
Maximo,Pascal Gratrex,pgratrexl0@pbs.org,Pascal
Anabelle,Federico Lilie,fliliel1@businesswire.com,Federico
Sergent,Barbie Hache,bhachel2@msu.edu,Barbie
Tremain,Barbette Bonnell,bbonnelll3@hexun.com,Barbette
Alayne,Bartholomeo Purrier,bpurrierl4@theglobeandmail.com,Bartholomeo
Muhammad,Julius Guion,jguionl5@mapy.cz,Julius
Petunia,Ricky Swetenham,rswetenhaml6@narod.ru,Ricky
Francis,Bayard Wolvey,bwolveyl7@hugedomains.com,Bayard
Rose,Gabbi Chicken,gchickenl8@addtoany.com,Gabbi
Veronique,Tiffi Januszkiewicz,tjanuszkiewiczl9@imdb.com,Tiffi
Rozanna,Fleurette Meeny,fmeenyla@ca.gov,Fleurette
Gael,Antony Biggs,abiggslb@hexun.com,Antony
Samara,Bernadina Giorgiutti,bgiorgiuttilc@bandcamp.com,Bernadina
Molli,Worthy Fenech,wfenechld@economist.com,Worthy
Devin,Alard Calyton,acalytonle@howstuffworks.com,Alard
Cassie,Vaughn Dunniom,vdunniomlf@telegraph.co.uk,Vaughn
Perceval,Renata Triggs,rtriggslg@va.gov,Renata
Dud,Nissa Harfleet,nharfleetlh@imgur.com,Nissa
Arlin,Kristi Wadwell,kwadwellli@gmpg.org,Kristi
Bess,Irwin Laurisch,ilaurischlj@xrea.com,Irwin
Cynde,Kenna Laurenson,klaurensonlk@unesco.org,Kenna
Chuck,Laverne Joberne,ljobernell@theglobeandmail.com,Laverne
Errick,Amandi Greedier,agreedierlm@comcast.net,Amandi
Reggy,Leshia McDowall,lmcdowallln@state.gov,Leshia
Lewes,Beverlie Furse,bfurselo@omniture.com,Beverlie
Becca,Brigid Ganiford,bganifordlp@hud.gov,Brigid
Dareen,Amabelle Bartosinski,abartosinskilq@joomla.org,Amabelle
Doralynne,Hanan Beatson,hbeatsonlr@ycombinator.com,Hanan
Madelyn,Sinclare Wrinch,swrinchls@php.net,Sinclare
Retha,Tadd Liddel,tliddellt@shareasale.com,Tadd
Dion,Daffy Kitteringham,dkitteringhamlu@nba.com,Daffy
Armin,Floyd Dacombe,fdacombelv@narod.ru,Floyd
Marius,Delly Madill,dmadilllw@xinhuanet.com,Delly
Fayth,Allianora Robben,arobbenlx@google.pl,Allianora
Urbanus,Gaby Hodgins,ghodginsly@ed.gov,Gaby
Meredithe,Susanne Kean,skeanlz@unesco.org,Susanne
Nye,Mireielle Du Fray,mdum0@1688.com,Mireielle
Benedicta,Homere Grumble,hgrumblem1@alibaba.com,Homere
Jenelle,Yolane Dossit,ydossitm2@ft.com,Yolane
Erny,Shamus Menichillo,smenichillom3@clickbank.net,Shamus
Vernon,Niels Bouda,nboudam4@pcworld.com,Niels
Carri,Steve O'Glessane,soglessanem5@opensource.org,Steve
Silvanus,Clarine Cowlin,ccowlinm6@sun.com,Clarine
Doralia,Sarena Ionesco,sionescom7@hatena.ne.jp,Sarena
Rosabel,Hillier Yitzhakof,hyitzhakofm8@networkadvertising.org,Hillier
Gordan,Aurea Van Castele,avanm9@usnews.com,Aurea
Eimile,Wandis Rowland,wrowlandma@dailymotion.com,Wandis
Alethea,Courtney Masding,cmasdingmb@networksolutions.com,Courtney
Teddi,Viviene MacMaster,vmacmastermc@sciencedirect.com,Viviene
Ailey,Adam Harris,aharrismd@sourceforge.net,Adam
Dick,Brittaney Crain,bcrainme@shareasale.com,Brittaney
Zitella,Hurleigh Yitzhakof,hyitzhakofmf@ft.com,Hurleigh
Janie,Wiley Coathup,wcoathupmg@bloomberg.com,Wiley
Kelby,Torrance O'Fallon,tofallonmh@noaa.gov,Torrance
Albertine,Oliy O'Sheeryne,oosheerynemi@reverbnation.com,Oliy
Hyatt,Ross Chaddock,rchaddockmj@ifeng.com,Ross
Shalna,Agna MacDougal,amacdougalmk@uol.com.br,Agna
Zach,Theresita Ledingham,tledinghamml@google.de,Theresita
Meghann,Garey Puffett,gpuffettmm@google.nl,Garey
Rodd,Elaine Smoughton,esmoughtonmn@sphinn.com,Elaine
Abel,Walton Dunckley,wdunckleymo@senate.gov,Walton
Otto,Casi Dermot,cdermotmp@tripadvisor.com,Casi
Lotti,Ramon Ruddy,rruddymq@istockphoto.com,Ramon
Annaliese,Vinny Iamittii,viamittiimr@cbslocal.com,Vinny
Sibylle,Cristie Marguerite,cmargueritems@bbc.co.uk,Cristie
Lira,Arlan Morton,amortonmt@webnode.com,Arlan
Mayor,Maxi Hardwell,mhardwellmu@spiegel.de,Maxi
Raul,Drud Phizackarley,dphizackarleymv@nhs.uk,Drud
Charmine,Em Benoit,ebenoitmw@reverbnation.com,Em
Brittney,Ursola Rickaby,urickabymx@eventbrite.com,Ursola
Twila,Claire Tofanelli,ctofanellimy@spotify.com,Claire
Tuesday,Alika Gosker,agoskermz@howstuffworks.com,Alika
Reynold,Myrtia Exposito,mexpositon0@yellowpages.com,Myrtia
Omar,Vita Napthine,vnapthinen1@va.gov,Vita
Costa,Arvin Hindge,ahindgen2@godaddy.com,Arvin
Fiona,Barron Seaman,bseamann3@salon.com,Barron
Carmel,Roarke Le Pruvost,rlen4@house.gov,Roarke
Jacenta,Sigrid Kinworthy,skinworthyn5@state.gov,Sigrid
Pauli,Ulric Storkes,ustorkesn6@seattletimes.com,Ulric
Nomi,Darin Mohring,dmohringn7@sciencedirect.com,Darin
Prudy,Torie Paulou,tpauloun8@mit.edu,Torie
Glenn,Hali Easom,heasomn9@alexa.com,Hali
Gabriel,Jamima Szapiro,jszapirona@wired.com,Jamima
Michell,Osmond Kitchingman,okitchingmannb@rambler.ru,Osmond
Jen,Madge Grason,mgrasonnc@ebay.com,Madge
Braden,Zenia Gerald,zgeraldnd@sogou.com,Zenia
Saree,Marsha Domney,mdomneyne@wisc.edu,Marsha
Shanie,Lenore Cutler,lcutlernf@google.co.jp,Lenore
Cordy,Milena Allum,mallumng@ucoz.com,Milena
Brendis,Mufinella Nanni,mnanninh@unicef.org,Mufinella
Barnabas,Ronnica Tremblay,rtremblayni@princeton.edu,Ronnica
Johanna,Diann Van der Krui,dvannj@ed.gov,Diann
Reinhold,Gae Kemery,gkemerynk@epa.gov,Gae
Sampson,Worthy Rabl,wrablnl@intel.com,Worthy
Sidonia,Roby Barnshaw,rbarnshawnm@google.com.br,Roby
Janetta,Aldis Laise,alaisenn@jalbum.net,Aldis
Lanna,Evelin Losemann,elosemannno@skyrock.com,Evelin
Marybelle,Cathryn Duckitt,cduckittnp@redcross.org,Cathryn
Alexei,Nolana McKechnie,nmckechnienq@nba.com,Nolana
Selina,Ginelle Dobeson,gdobesonnr@plala.or.jp,Ginelle
Angelica,Aloin Hunting,ahuntingns@deviantart.com,Aloin
Felizio,Alvin Kimber,akimbernt@ted.com,Alvin
Bendix,Wenona Bourthoumieux,wbourthoumieuxnu@sbwire.com,Wenona
Ailey,Brandea Smallridge,bsmallridgenv@china.com.cn,Brandea
Saw,Stanislas Lenden,slendennw@princeton.edu,Stanislas
Jinny,Veronique Seleway,vselewaynx@bizjournals.com,Veronique
Ossie,Megan Neilly,mneillyny@yahoo.co.jp,Megan
Edeline,Immanuel Caitlin,icaitlinnz@ovh.net,Immanuel
Katrine,Skipper Dunnan,sdunnano0@smugmug.com,Skipper
Abba,Iseabal Gissop,igissopo1@berkeley.edu,Iseabal
Roanna,Annecorinne Haslam,ahaslamo2@google.it,Annecorinne
Lia,Dorie Howel,dhowelo3@symantec.com,Dorie
Barb,Kane Zellick,kzellicko4@ftc.gov,Kane
Davina,Berny Kleinfeld,bkleinfeldo5@opensource.org,Berny
Guglielmo,Murdock Dogg,mdoggo6@linkedin.com,Murdock
Mayer,Leslie Beddow,lbeddowo7@loc.gov,Leslie
Rikki,Leoine Hukins,lhukinso8@cornell.edu,Leoine
Kahlil,Augustina Keijser,akeijsero9@ask.com,Augustina
Estrella,Bette-ann Stubbings,bstubbingsoa@rambler.ru,Bette-ann
Kareem,Sonya Dancer,sdancerob@goo.ne.jp,Sonya
Karyn,Eugine Mingame,emingameoc@imdb.com,Eugine
Tristan,Alexina Radage,aradageod@simplemachines.org,Alexina
Pip,Una Guthrum,uguthrumoe@blogger.com,Una
Lorelle,Alberto Chstney,achstneyof@senate.gov,Alberto
Juliane,Marco Week,mweekog@a8.net,Marco
Kevyn,Ana Snufflebottom,asnufflebottomoh@51.la,Ana
Hieronymus,Annecorinne Adao,aadaooi@upenn.edu,Annecorinne
Tobey,Dina Pigram,dpigramoj@fastcompany.com,Dina
Corene,Irina Cogman,icogmanok@bandcamp.com,Irina
Claire,Jodi Klagge,jklaggeol@sfgate.com,Jodi
Aldridge,Lydon Payfoot,lpayfootom@youku.com,Lydon
Roxana,Vanny Soar,vsoaron@over-blog.com,Vanny
Mariejeanne,Joyous Gosenell,jgosenelloo@diigo.com,Joyous
Berky,Trumann Fearnley,tfearnleyop@clickbank.net,Trumann
Zack,Barnabe Tidridge,btidridgeoq@foxnews.com,Barnabe
Ernaline,Wilhelmine Bresner,wbresneror@netscape.com,Wilhelmine
Frankie,Kaycee Stubbley,kstubbleyos@artisteer.com,Kaycee
Bartie,Vina Merrigan,vmerriganot@howstuffworks.com,Vina
Alwin,Aurea Fossey,afosseyou@sohu.com,Aurea
Bonnibelle,Tabina Henzer,thenzerov@jugem.jp,Tabina
Godwin,Wylie Floweth,wflowethow@ocn.ne.jp,Wylie
Dominick,Annabelle Caffery,acafferyox@ning.com,Annabelle
Corey,Christiano Anderton,candertonoy@webeden.co.uk,Christiano
Andriette,Bastien Honywill,bhonywilloz@barnesandnoble.com,Bastien
Kellie,Alaine Farish,afarishp0@amazon.de,Alaine
Brittni,Laird Mitchener,lmitchenerp1@japanpost.jp,Laird
Henka,Zaccaria Wrotchford,zwrotchfordp2@illinois.edu,Zaccaria
Ben,Victoir Jowsey,vjowseyp3@privacy.gov.au,Victoir
Sharyl,Natka Patnelli,npatnellip4@cornell.edu,Natka
Yancey,Lynn Olliar,lolliarp5@vistaprint.com,Lynn
Aridatha,Sula Ealam,sealamp6@csmonitor.com,Sula
Reiko,Gareth Petegre,gpetegrep7@github.io,Gareth
Miriam,Micah McPhee,mmcpheep8@fastcompany.com,Micah
Jaclin,Bernard Leat,bleatp9@wisc.edu,Bernard
Abbe,Branden Egiloff,begiloffpa@phpbb.com,Branden
Brena,Ricardo Halegarth,rhalegarthpb@home.pl,Ricardo
Mona,Marti Priddie,mpriddiepc@spiegel.de,Marti
Cristy,Erin Liepins,eliepinspd@ustream.tv,Erin
Aland,Gusta Haynesford,ghaynesfordpe@nyu.edu,Gusta
Matelda,Durante Hasker,dhaskerpf@meetup.com,Durante
Lesley,Thia Shimmans,tshimmanspg@ucla.edu,Thia
Nickie,Devina Eskrigge,deskriggeph@reference.com,Devina
Sean,Obediah Kincade,okincadepi@unblog.fr,Obediah
Antonia,Ami Laws,alawspj@paginegialle.it,Ami
Yardley,Flss Wishkar,fwishkarpk@list-manage.com,Flss
Silvio,Daisi Cecchi,dcecchipl@sitemeter.com,Daisi
Phillipp,Kimberlee Liversidge,kliversidgepm@thetimes.co.uk,Kimberlee
Margeaux,Cordie Ladell,cladellpn@webeden.co.uk,Cordie
Angelina,Remy Dubock,rdubockpo@bizjournals.com,Remy
Lauralee,Ashlan Britton,abrittonpp@fema.gov,Ashlan
Molli,Barby Lesper,blesperpq@vistaprint.com,Barby
Ellie,Mackenzie Durrans,mdurranspr@sphinn.com,Mackenzie
Othilie,Saraann Purver,spurverps@fc2.com,Saraann
Melodee,Merissa Colgan,mcolganpt@ow.ly,Merissa
Ruthie,Karlene Olyff,kolyffpu@plala.or.jp,Karlene
Fonzie,Nathalie Kinkead,nkinkeadpv@cyberchimps.com,Nathalie
Gus,Hurley Mellmer,hmellmerpw@surveymonkey.com,Hurley
Carly,Vance Onions,vonionspx@comcast.net,Vance
Briney,Conrado Flay,cflaypy@cbc.ca,Conrado
Moyra,Danell Scuse,dscusepz@springer.com,Danell
Prudence,Brenna Lymer,blymerq0@japanpost.jp,Brenna
Carina,Skyler Benzi,sbenziq1@github.com,Skyler
Joy,Grannie Tiuit,gtiuitq2@dot.gov,Grannie
Letta,Dall GiacobbiniJacob,dgiacobbinijacobq3@nbcnews.com,Dall
Helli,Griffy Bauldrey,gbauldreyq4@squarespace.com,Griffy
Janeta,Hi MacKean,hmackeanq5@jalbum.net,Hi
Barthel,Stern Scroyton,sscroytonq6@marketwatch.com,Stern
Jaquelyn,Evelyn Cloney,ecloneyq7@php.net,Evelyn
D'arcy,Flem Tregian,ftregianq8@google.ca,Flem
Adrianne,Jessie Roly,jrolyq9@hp.com,Jessie
Beverley,Ingamar Pervew,ipervewqa@theatlantic.com,Ingamar
Roberto,Claribel Pimblett,cpimblettqb@barnesandnoble.com,Claribel
Ansley,Chiquia Laxtonne,claxtonneqc@paypal.com,Chiquia
Emmery,Ali Sill,asillqd@photobucket.com,Ali
Kimmi,Prudence Fantin,pfantinqe@istockphoto.com,Prudence
Louis,Geri Crowdy,gcrowdyqf@tripod.com,Geri
Tadd,Gunther Barthelme,gbarthelmeqg@naver.com,Gunther
Papageno,Dinny Baggalley,dbaggalleyqh@jalbum.net,Dinny
Shoshana,Cammi Stansby,cstansbyqi@goodreads.com,Cammi
Almeta,Cordi Stonuary,cstonuaryqj@gov.uk,Cordi
Doralin,Vincents Longlands,vlonglandsqk@zdnet.com,Vincents
Kiersten,Angel Dimmer,adimmerql@ifeng.com,Angel
Rachael,Rozalin Bernetti,rbernettiqm@toplist.cz,Rozalin
Graeme,Adlai Slessor,aslessorqn@aboutads.info,Adlai
Gilbert,Amity Tulloch,atullochqo@va.gov,Amity
Doria,Brit Awdry,bawdryqp@youtube.com,Brit
Bertine,Lenora Blaber,lblaberqq@google.it,Lenora
Lari,Elyssa Moore,emooreqr@intel.com,Elyssa
Blanca,Manda Le Grys,mleqs@wufoo.com,Manda
Patty,Clark Oddy,coddyqt@nasa.gov,Clark
Leonidas,Augustin Eilles,aeillesqu@state.tx.us,Augustin
Shoshanna,Lethia Cowlas,lcowlasqv@sohu.com,Lethia
Sherlocke,Seumas Kincade,skincadeqw@linkedin.com,Seumas
Joy,Northrup Gravenell,ngravenellqx@networkadvertising.org,Northrup
Garrard,Merrick Whitley,mwhitleyqy@virginia.edu,Merrick
Mollie,Dermot Leyzell,dleyzellqz@123-reg.co.uk,Dermot
Loria,Hedvige Pottell,hpottellr0@apache.org,Hedvige
Duky,Herby Macewan,hmacewanr1@github.com,Herby
Joyann,Rosalie Dury,rduryr2@bing.com,Rosalie
Raviv,Jaquelin Matyatin,jmatyatinr3@aboutads.info,Jaquelin
Cristy,Iorgos Daniells,idaniellsr4@amazon.co.jp,Iorgos
Nikos,Alastair D'Almeida,adalmeidar5@sciencedaily.com,Alastair
Joshua,Ruddy Exer,rexerr6@sciencedirect.com,Ruddy
Hazel,Major Wyss,mwyssr7@foxnews.com,Major
Timofei,John Jopson,jjopsonr8@moonfruit.com,John
Alma,Hamid Blachford,hblachfordr9@ibm.com,Hamid
Corbin,Lilia Kruger,lkrugerra@istockphoto.com,Lilia
Rudiger,Lloyd Moizer,lmoizerrb@youku.com,Lloyd
Alex,Karel Ottey,kotteyrc@1688.com,Karel
Juana,Josi Gilligan,jgilliganrd@bing.com,Josi
Mabelle,Ambrosio Huish,ahuishre@dot.gov,Ambrosio
Anton,Spence Timbs,stimbsrf@twitpic.com,Spence
Gretal,Ailey Mutimer,amutimerrg@webs.com,Ailey
Cad,Nikolia Ifill,nifillrh@w3.org,Nikolia
Darnell,Menard Surplice,msurpliceri@ebay.co.uk,Menard
Amalita,Eilis Suarez,esuarezrj@mozilla.com,Eilis
Fitzgerald,Wallas Kinsley,wkinsleyrk@independent.co.uk,Wallas
Yanaton,Kennett Stammirs,kstammirsrl@barnesandnoble.com,Kennett
Marlo,Eloise De Gouy,ederm@vistaprint.com,Eloise
Retha,Eddi Purdon,epurdonrn@vkontakte.ru,Eddi
Leone,Valma Wilds,vwildsro@sbwire.com,Valma
Nicolis,Gamaliel Swansbury,gswansburyrp@icq.com,Gamaliel
Susannah,Winonah Hartzenberg,whartzenbergrq@addtoany.com,Winonah
Maryjo,Goddard Charteris,gcharterisrr@ifeng.com,Goddard
