image_path_1,image_path_2
public\temp\Screenshot 2024-05-07 104958.png,public\temp\Screenshot 2024-05-06 215106.png
public\temp\Screenshot 2024-05-07 104958.png,public\temp\Screenshot 2024-05-06 215106.png
public\temp\Screenshot 2024-05-07 104958.png,public\temp\Screenshot 2024-05-06 215106.png
public\temp\Screenshot 2024-05-07 104958.png,public\temp\Screenshot 2024-05-06 215106.png
public\temp\Screenshot 2024-05-07 104958.png,public\temp\Screenshot 2024-05-06 215106.png
public\temp\Screenshot 2024-05-07 104958.png,public\temp\Screenshot 2024-05-06 215106.png
public\temp\Screenshot 2024-05-07 104958.png,public\temp\Screenshot 2024-05-06 215106.png
public\temp\Screenshot 2024-05-07 104958.png,public\temp\Screenshot 2024-05-06 215106.png
public\temp\Screenshot 2024-05-07 104958.png,public\temp\Screenshot 2024-05-06 215106.png
public\temp\Screenshot 2024-05-07 104958.png,public\temp\Screenshot 2024-05-06 215106.png
public\temp\Screenshot 2024-05-07 104958.png,public\temp\Screenshot 2024-05-06 215106.png
public\temp\Screenshot 2024-05-07 104958.png,public\temp\Screenshot 2024-05-06 215106.png
public\temp\Screenshot 2024-05-07 104958.png,public\temp\Screenshot 2024-05-06 215106.png
public\temp\Screenshot 2024-05-07 104958.png,public\temp\Screenshot 2024-05-06 215106.png
public\temp\Screenshot 2024-05-07 104958.png,public\temp\Screenshot 2024-05-06 215106.png
public\temp\Screenshot 2024-05-07 104958.png,public\temp\Screenshot 2024-05-06 215106.png
public\temp\Screenshot 2024-05-07 104958.png,public\temp\Screenshot 2024-05-06 215106.png
public\temp\Screenshot 2024-05-07 104958.png,public\temp\Screenshot 2024-05-06 215106.png
public\temp\Screenshot 2024-05-07 104958.png,public\temp\Screenshot 2024-05-06 215106.png
public\temp\Screenshot 2024-05-07 104958.png,public\temp\Screenshot 2024-05-06 215106.png
public\temp\Screenshot 2024-05-07 104958.png,public\temp\Screenshot 2024-05-06 215106.png
public\temp\Screenshot 2024-05-07 104958.png,public\temp\Screenshot 2024-05-06 215106.png
public\temp\Screenshot 2024-05-07 104958.png,public\temp\Screenshot 2024-05-06 215106.png
public\temp\Screenshot 2024-05-07 104958.png,public\temp\Screenshot 2024-05-06 215106.png
public\temp\Screenshot 2024-05-07 104958.png,public\temp\Screenshot 2024-05-06 215106.png
public\temp\Screenshot 2024-05-07 104958.png,public\temp\Screenshot 2024-05-06 215106.png
public\temp\Screenshot 2024-05-07 104958.png,public\temp\Screenshot 2024-05-06 215106.png
public\temp\Screenshot 2024-05-07 104958.png,public\temp\Screenshot 2024-05-06 215106.png
public\temp\Screenshot 2024-05-07 104958.png,public\temp\Screenshot 2024-05-06 215106.png
public\temp\Screenshot 2024-05-07 104958.png,public\temp\Screenshot 2024-05-06 215106.png
